NC_045512.2	241	C	T	225.417	136	1/1
NC_045512.2	1142	CTTGATGG	CGATGG	17.6888	175	1/1
NC_045512.2	1738	GAAAGGTT	GAAAAGGTT	4.00824	185	1/1
NC_045512.2	2470	C	T	187.071	83	1/1
NC_045512.2	2493	AGGG	AGG	14.8771	225	1/1
NC_045512.2	2832	A	G	221.488	237	0/1
NC_045512.2	3037	C	T	225.417	71	1/1
NC_045512.2	5386	T	G	151.251	179	1/1
NC_045512.2	6512	AGTTT	AT	228.283	83	1/1
NC_045512.2	6760	T	C	82.8384	204	0/1
NC_045512.2	7813	TTCTCTCTCTC	TTCTCTCTC	125.287	87	0/1
NC_045512.2	7926	C	T	228.337	87	1/1
NC_045512.2	8393	G	A	54.4399	223	0/1
NC_045512.2	8835	T	C	175.09	91	0/1
NC_045512.2	8905	CTTTTT	CTTTT,CTTT	4.64871	143	1/2
NC_045512.2	9627	CTTTTTT	CTTTT	48.1793	152	1/1
NC_045512.2	10029	C	T	228.421	141	1/1
NC_045512.2	10206	ACCC	ACC	27.9826	156	1/1
NC_045512.2	10449	C	A	228.369	261	1/1
NC_045512.2	11282	AGTTTGTCTGGTTT	AGTTT	225.837	138	1/1
NC_045512.2	11537	A	G	227.356	160	1/1
NC_045512.2	13195	T	C	228.372	262	1/1
NC_045512.2	14408	C	T	228.342	280	1/1
NC_045512.2	15240	C	T	228.412	217	1/1
NC_045512.2	18163	A	G	72.8399	16	1/1
NC_045512.2	20207	AGAGT	AAGT	51.3921	231	1/1
NC_045512.2	21762	C	T	166.383	91	1/1
NC_045512.2	21764	ATACATGTCT	ATCT	228.377	96	1/1
NC_045512.2	21846	C	T	224.426	95	1/1
NC_045512.2	21986	GGTGTTTATTACC	GACC	228.257	189	1/1
NC_045512.2	21995	T	G	61.2902	11	1/1
NC_045512.2	22204	TGA	TGAGCCAGAAGA	228.191	248	1/1
NC_045512.2	22578	G	A	228.422	131	1/1
NC_045512.2	22599	G	A	228.403	130	1/1
NC_045512.2	22673	T	C	228.155	123	1/1
NC_045512.2	22674	C	T	215.163	120	1/1
NC_045512.2	22679	T	C	224.347	127	1/1
NC_045512.2	22686	C	T	228.345	117	1/1
NC_045512.2	22992	G	A	228.412	271	1/1
NC_045512.2	22995	C	A	228.41	272	1/1
NC_045512.2	23013	A	C	228.415	273	1/1
NC_045512.2	23040	A	G	228.389	276	1/1
NC_045512.2	23048	G	A	228.335	267	1/1
NC_045512.2	23055	A	G	228.279	271	1/1
NC_045512.2	23063	A	T	228.424	278	1/1
NC_045512.2	23075	T	C	228.382	276	1/1
NC_045512.2	23202	C	A	228.429	254	1/1
NC_045512.2	23403	A	G	198.426	53	1/1
NC_045512.2	23525	C	T	228.369	58	1/1
NC_045512.2	23599	T	G	228.379	64	1/1
NC_045512.2	23604	C	A	225.417	65	1/1
NC_045512.2	23666	GAAAA	GAAAAA	63.8622	9	0/1
NC_045512.2	23948	G	T	228.403	258	1/1
NC_045512.2	24130	C	A	228.423	246	1/1
NC_045512.2	24424	A	T	149.566	70	0/1
NC_045512.2	24469	T	A	228.345	253	1/1
NC_045512.2	24503	C	T	228.168	275	1/1
NC_045512.2	25000	C	T	225.417	69	1/1
NC_045512.2	25584	C	T	228.355	100	1/1
NC_045512.2	26270	C	T	155.409	261	0/1
NC_045512.2	26530	A	G	203.378	168	1/1
NC_045512.2	26561	TAAAAA	TAAAA,TAAA	17.4712	176	1/2
NC_045512.2	26577	C	G	207.291	260	0/1
NC_045512.2	26709	G	A	218.315	128	1/1
NC_045512.2	27259	A	C	228.371	262	1/1
NC_045512.2	27791	CTTTTT	CTTTT	7.74195	249	1/1
NC_045512.2	27807	C	T	228.402	248	1/1
NC_045512.2	28271	A	T	228.383	275	1/1
NC_045512.2	28311	C	T	228.267	286	1/1
NC_045512.2	28363	A	T	74.9982	24	1/1
NC_045512.2	28881	G	A	228.37	256	1/1
NC_045512.2	28882	G	A	228.351	257	1/1
NC_045512.2	28883	G	C	228.41	256	1/1
